{
   "Coverage": 0.0,
   "Weighted_Score": 0.10681451543510065,
   "Main_Event": 0.0,
   "Event_Name": 0.0,
   "Hazard": 0.05783070781182564,
   "Location": 0.31626027555434133,
   "Deaths_Min": 0.18532260985580276,
   "Deaths_Max": 0.18635812635087226,
   "Injured_Max": 0.039456109509938324,
   "Injured_Min": 0.03971567913222484,
   "Buildings_Damaged_Min": 0.0891485597730108,
   "Buildings_Damaged_Max": 0.09009159310139458,
   "Affected_Min": 0.07107491149524656,
   "Affected_Max": 0.07023360976938459,
   "Homelessness_Min": 0.02570536125761688,
   "Homelessness_Max": 0.025786818322298042,
   "Displaced_Min": 0.07035293245254043,
   "Displaced_Max": 0.06998699976781703,
   "Damage_Min": 0.04595267620604562,
   "Damage_Max": 0.04606631417339861,
   "Damage_Unit": 0.04078549848942598,
   "Damage_Inflation_Adjusted": 0.03927492447129909,
   "Damage_Inflation_Adjusted_Year": 0.004531722054380665,
   "Insured_Damage_Min": 0.009246040968095347,
   "Insured_Damage_Max": 0.00918592308320405,
   "Insured_Damage_Unit": 0.00906344410876133,
   "Insured_Damage_Inflation_Adjusted": 0.00906344410876133,
   "Insured_Damage_Inflation_Adjusted_Year": 0.0015105740181268882,
   "Start_Day": 0.2842604805987871,
   "Start_Month": 0.2942643543096715,
   "Start_Year": 0.2644211224710323,
   "End_Day": 0.3141063181048322,
   "End_Month": 0.318178057601818,
   "End_Year": 0.28401478956616644
}