{
   "Coverage": 0.0,
   "Weighted_Score": 0.13080278770384765,
   "Main_Event": 0.0,
   "Event_Name": 0.0,
   "Hazard": 0.07593984962406014,
   "Location": 0.35706627418185327,
   "Deaths_Min": 0.21916855353442316,
   "Deaths_Max": 0.22011497935130264,
   "Injured_Max": 0.04437883051700878,
   "Injured_Min": 0.04469748299693853,
   "Buildings_Damaged_Min": 0.10108696444141879,
   "Buildings_Damaged_Max": 0.10232328827813082,
   "Affected_Min": 0.08009254278329887,
   "Affected_Max": 0.08018343341124234,
   "Homelessness_Min": 0.027404103479036577,
   "Homelessness_Max": 0.027517628903918533,
   "Displaced_Min": 0.08539449994042443,
   "Displaced_Max": 0.08625160085590136,
   "Damage_Min": 0.04667828750241832,
   "Damage_Max": 0.047355743104492073,
   "Damage_Unit": 0.042105263157894736,
   "Damage_Inflation_Adjusted": 0.04,
   "Damage_Inflation_Adjusted_Year": 0.0,
   "Insured_Damage_Min": 0.00631578947368421,
   "Insured_Damage_Max": 0.00631578947368421,
   "Insured_Damage_Unit": 0.00631578947368421,
   "Insured_Damage_Inflation_Adjusted": 0.00631578947368421,
   "Insured_Damage_Inflation_Adjusted_Year": 0.0,
   "Start_Day": 0.3721687500216572,
   "Start_Month": 0.3857418020575915,
   "Start_Year": 0.3600689071699286,
   "End_Day": 0.4066725914619037,
   "End_Month": 0.3919466161633344,
   "End_Year": 0.38526526798636135
}