{
   "Coverage": 0.0,
   "Weighted_Score": 0.057444145718534304,
   "Main_Event": 0.0,
   "Event_Name": 0.0,
   "Hazard": 0.37026618133884576,
   "Location": 0.21260867476253303,
   "Deaths_Min": 0.09935029302508262,
   "Deaths_Max": 0.10061210937116952,
   "Injured_Max": 0.02695187165775401,
   "Injured_Min": 0.027061364502604497,
   "Buildings_Damaged_Min": 0.05882373508053063,
   "Buildings_Damaged_Max": 0.059021779149791835,
   "Affected_Min": 0.048169163571049514,
   "Affected_Max": 0.04495999356680471,
   "Homelessness_Min": 0.0213903743315508,
   "Homelessness_Max": 0.0213903743315508,
   "Displaced_Min": 0.032145742309519595,
   "Displaced_Max": 0.028673173474554666,
   "Damage_Min": 0.044109545907772725,
   "Damage_Max": 0.042791026781583634,
   "Damage_Unit": 0.0374331550802139,
   "Damage_Inflation_Adjusted": 0.0374331550802139,
   "Damage_Inflation_Adjusted_Year": 0.016042780748663103,
   "Insured_Damage_Min": 0.016689193159781394,
   "Insured_Damage_Max": 0.016476369417545888,
   "Insured_Damage_Unit": 0.016042780748663103,
   "Insured_Damage_Inflation_Adjusted": 0.016042780748663103,
   "Insured_Damage_Inflation_Adjusted_Year": 0.0053475935828877,
   "Start_Day": 0.060964074310748025,
   "Start_Month": 0.06190185334570361,
   "Start_Year": 0.021465519626241932,
   "End_Day": 0.0789780836416827,
   "End_Month": 0.13079802917015876,
   "End_Year": 0.02682774545069791
}